Artist,Album,Type,Year,Physical,Digital,Discogs,Quantity,Date Aquired,Notes
Radio Crispo FM 108.8,Reklamekassett,TAPE,1983,FALSE,TRUE,TRUE,,,
Mr. Walker and the Walkmen,All Good Lies,7’’,1985,FALSE,FALSE,TRUE,,,
Mr. Walker and the Walkmen,Walking,7’’,1985,FALSE,FALSE,TRUE,,,
Mr. Walker and the Walkmen,This is Your Walkman Talking,7’’,1985,TRUE,FALSE,TRUE,,,
L.A.W.,L.A.W.,Mixape/demo/samle,1987,FALSE,FALSE,FALSE,,,
Ute Til Lunch,Ute Til Lunch,7’’,1987,TRUE,FALSE,FALSE,,,
The B.A. Rock Crew,Rock the House,7’’,1988,FALSE,FALSE,FALSE,,,
Ute Til Lunch,Dette Er En Kjempehit,7’’,1988,FALSE,FALSE,FALSE,,,
Ute Til Lunch,Gummisangen,7’’,1988,FALSE,FALSE,FALSE,,,
Vidar Theisen & The Retrievers,Heavy Metal,7’’,1988,FALSE,FALSE,FALSE,,,
Snikksnakk,Her er det no’ muffens!!,7’’,1989,FALSE,FALSE,FALSE,,,
Snikksnakk,Mer muffens,CD,1989,FALSE,FALSE,FALSE,,,
Ute Til Lunch/Carl I. Hagen,Hagen Ræpp,7’’,1989,TRUE,FALSE,FALSE,,,
Utpå Kameratene,Rapp En Konkurs,7’’,1989,FALSE,FALSE,FALSE,,,
A-Team,Peace Doctor,7’’,1990,FALSE,FALSE,TRUE,,,
A-Team,Peace Doctor,12’’,1990,FALSE,FALSE,TRUE,,,
Felony Force,Drugs,7’’,1990,FALSE,FALSE,FALSE,,,
MC Cey,3.5.25,7’’,1990,FALSE,FALSE,FALSE,,,
MC Cey,3.5.25,12’’,1990,FALSE,FALSE,FALSE,,,
Snikksnakk,Jadajada,7’’,1990,FALSE,FALSE,FALSE,,,
Snikksnakk,Som et skudd,7’’,1990,FALSE,FALSE,FALSE,,,
A-Team,Rage,CD,1991,FALSE,FALSE,TRUE,,,
A-Team,Rage,CASSETTE,1991,FALSE,FALSE,TRUE,,,
A-Team,Rage,TAPE,1991,FALSE,FALSE,TRUE,,,
A-Team,Times Are Hard,7’’,1991,FALSE,FALSE,TRUE,,,
A-Team,Rage,12’’,1991,TRUE,FALSE,FALSE,,,
Dubsters,Live At Eriks,Mixape/demo/samle,1991,FALSE,FALSE,FALSE,,,
Opp og ned,Rappe pølser,CD,1991,FALSE,FALSE,FALSE,,,
Snikksnakk,Make a Move,CD,1991,FALSE,FALSE,FALSE,,,
Ståle Stiil,På låven sitt nissen,MC,1991,FALSE,FALSE,FALSE,,,
W.I.P.,Ghost Jam,7’’,1991,FALSE,FALSE,FALSE,,,
DJ White Shadow,Brooklyn Style,Mixape/demo/samle,1992,FALSE,FALSE,FALSE,,,
Dubsters,D,Mixape/demo/samle,1992,FALSE,FALSE,FALSE,,,
Mr. Burn,First Disguise,Mixape/demo/samle,1992,FALSE,FALSE,FALSE,,,
Ståle Stiil,Blekkulf/Skolefri,CD,1992,FALSE,FALSE,FALSE,,,
Ståle Stiil,Skolefri/Skateboard,CD,1992,FALSE,FALSE,FALSE,,,
Ståle Stiil,Yo!,CD,1992,TRUE,FALSE,FALSE,,,
B.O.L.T Warhead,The Re-Enforcement,CD,1993,FALSE,FALSE,TRUE,,,
B.O.L.T Warhead,Flags On Fire (Remixes),12’’,1993,FALSE,FALSE,TRUE,,,
Jester,Reflections From The Jester,Demo,1993,FALSE,FALSE,FALSE,,,
Jester,Reflections from the Jester,Mixape/demo/samle,1993,FALSE,FALSE,FALSE,,,
Gatas Parlament,Autobahn Til Union EP,12’’,1994,TRUE,FALSE,FALSE,,,
Mr. Pimp-Lotion,Fuck the Bullshit,Mixape/demo/samle,1994,FALSE,FALSE,FALSE,,,
Warlocks,Nights Of Riots,Demo,1994,FALSE,FALSE,FALSE,,,
Deepika,Get Off My Back,12’’,1995,TRUE,FALSE,FALSE,,,
DJ Andy,Back to the Old School,Mixape/demo/samle,1995,FALSE,FALSE,FALSE,,,
Ellers Det,Ellers Takk,EP CD,1995,FALSE,FALSE,FALSE,,,
Flava To Da Bone,More Than A Woman,CD,1995,FALSE,FALSE,TRUE,,,
Flava To Da Bone,Take A Little Time,CD,1995,FALSE,FALSE,FALSE,,,
Flava To Da Bone,Feelin’ Da Flava,CD,1995,TRUE,FALSE,FALSE,2,,
Longsleeve,Longsleeve,Mixape/demo/samle,1995,FALSE,FALSE,FALSE,,,
Pimp Lotion,Fuck The Bullshit,Mixtape,1995,FALSE,FALSE,FALSE,,,
PrOfEsSoR ANARAD,For My Family,TAPE DEMO,1995,TRUE,FALSE,FALSE,,,
So Called Negroes,Fading To Black,Demo,1995,FALSE,FALSE,FALSE,,,
Tailor Made,High All Day/Arctic Zone,Mixape/demo/samle,1995,FALSE,FALSE,FALSE,,,
Tommy Tee,Floor Rockin’,Mixtape,1995,FALSE,FALSE,FALSE,,,
Tommy Tee & Diaz,Stikking Vol. 1,Mixtape,1995,FALSE,FALSE,FALSE,,,
Warlocks,Lyrical Marksmen,CD,1995,FALSE,FALSE,FALSE,,,
Deepika,History,CDS,1996,TRUE,FALSE,FALSE,,,
Diverse artister,Streetbeats 96,,1996,TRUE,FALSE,FALSE,,,
DJ Andy,Fresh For 96,Mixape/demo/samle,1996,FALSE,FALSE,FALSE,,,
Flava To Da Bone,How Deep Can We Go,CD,1996,FALSE,FALSE,FALSE,,,
Gatas Parlament,Slå Tilbake,EP CD,1996,TRUE,FALSE,TRUE,,,
Helén Eriksen,Arms Around You,CD,1996,FALSE,FALSE,FALSE,,,
Helén Eriksen,Standards,CD,1996,FALSE,FALSE,FALSE,,,
Shortcut,Hots For You,12’’,1996,FALSE,FALSE,FALSE,,,
Shortcut,Straight Physical,CD,1996,FALSE,FALSE,FALSE,,,
Shortcut,Hots For You,CDS,1996,TRUE,FALSE,FALSE,,,
Shortcut,Do You Really Want To Hurt Me?,CDS,1996,TRUE,FALSE,FALSE,,,
Tailor Made,P Luvaz/Dimmin’ the Brighter Day/Sixpack of Heineken/Slappin’ the Hoes,Mixape/demo/samle,1996,FALSE,FALSE,FALSE,,,
Teddy Touch,Real Live Shit vol. 1,Mixape/demo/samle,1996,FALSE,FALSE,FALSE,,,
Tommy Tee,Beasts From The East Vol. 1,Mixtape,1996,FALSE,FALSE,FALSE,,,
Tommy Tee,Streetbeats 96,CDS,1996,TRUE,FALSE,FALSE,,,
Tommy Tee & Diaz,Stikking Vol. 2,Mixtape,1996,FALSE,FALSE,FALSE,,,
Warlocks,V.O.T Click / Harcore Slickness,CDS,1996,FALSE,FALSE,FALSE,,,
Darkside Of The Force,Backflash,CDS,1997,FALSE,FALSE,TRUE,,,
DJ Andy,Original Funk,Mixape/demo/samle,1997,FALSE,FALSE,FALSE,,,
DJ Andy,Summer Madness,Mixape/demo/samle,1997,FALSE,FALSE,FALSE,,,
DJ Andy,Vinyl Rules,Mixape/demo/samle,1997,FALSE,FALSE,FALSE,,,
DJ White Shadow,The White Shadow,Mixape/demo/samle,1997,FALSE,FALSE,FALSE,,,
Flava To Da Bone,Monday Night,CD,1997,FALSE,FALSE,FALSE,,,
Flava To Da Bone,Think It Over,CD,1997,FALSE,FALSE,FALSE,,,
Flava To Da Bone,Closer,CD,1997,TRUE,FALSE,FALSE,,,
Gatas Parlament,Naturkraft,CDS,1997,TRUE,FALSE,FALSE,3,,
Helén Eriksen,Low Rain In Pain – The Remix E.P.,CD,1997,FALSE,FALSE,FALSE,,,
Mr. Pimp-Lotion,The Everlasting Bullshit Continues…,Mixape/demo/samle,1997,FALSE,FALSE,FALSE,,,
N-Light-N,One In A Million,Promo CDS,1997,TRUE,FALSE,FALSE,,,
N-Light-N,Fresh (In any season),CDS,1997,TRUE,FALSE,FALSE,2,,
N-Light-N,Deep Green,CD,1997,TRUE,FALSE,FALSE,,,
Oslo Fluid,Beats & Rhymes EP,12’’,1997,FALSE,FALSE,FALSE,,,
Oslo Fluid,Dynamite,CD,1997,FALSE,FALSE,FALSE,,,
Oslo Fluid,Na. Na. Na,CDS,1997,TRUE,FALSE,FALSE,,,
Oslo Fluid,Vibe Goes On,CDS,1997,TRUE,FALSE,FALSE,,,
Oslo's Most Wanted,Hard To Kill,CD,1997,FALSE,FALSE,TRUE,,,
Pacifist,Smart MC,Mixape/demo/samle,1997,FALSE,FALSE,FALSE,,,
Pen Jakke,Hekta På Glass!,CD EP,1997,FALSE,TRUE,FALSE,,,
Representin' 2000,When Starrs Collide,CD,1997,FALSE,FALSE,FALSE,,,
Representin' 2000,When Starrs Collide,,1997,FALSE,FALSE,FALSE,,,
Teddy Touch,Real Live Shit vol. 2,Mixape/demo/samle,1997,FALSE,FALSE,FALSE,,,
Tommy Tee,Beasts From The East Vol. 2,Mixtape,1997,FALSE,FALSE,FALSE,,,
Tommy Tee,Beasts From The East Vol. 3,Mixtape,1997,FALSE,FALSE,FALSE,,,
Tommy Tee & Diaz,T&D Basement Hits,CD,1997,TRUE,FALSE,FALSE,,,
URO,UROkkelig,CD Demo,1997,FALSE,TRUE,FALSE,,,
Warlocks,The Way My Mind Works,CDS,1997,FALSE,FALSE,FALSE,,,
Warlocks,Top Notch,CDS,1997,FALSE,FALSE,FALSE,,,
Warlocks,Top Notch,EP 12’’,1997,TRUE,FALSE,FALSE,,,
Warlocks,Flashbacks,CDS,1997,TRUE,FALSE,FALSE,,,
Warlocks,Flashbacks Pt. 1 & 2,CDS,1997,TRUE,FALSE,FALSE,,,
$cenic,Party Right,CDS,1998,TRUE,FALSE,FALSE,,,
Alien Breed,Alien Breed Demo,Demo CD,1998,FALSE,FALSE,FALSE,,,
Da Eastside Flow,I Wanna Boom,CD,1998,FALSE,FALSE,FALSE,,,
Darkside Of The Force,Darkside Of The Force,CD,1998,FALSE,FALSE,TRUE,,,
Darkside Of The Force,Funk-O-Theque,CDS,1998,FALSE,FALSE,FALSE,,,
Diverse artister,Råtape vol. 1,,1998,FALSE,FALSE,FALSE,,,
DJ Andy,Presents Old School Hip-Hop and Original Funk,Mixape/demo/samle,1998,FALSE,FALSE,FALSE,,,
DJ White Shadow,Turntable Talk,Mixape/demo/samle,1998,FALSE,FALSE,FALSE,,,
Flava To Da Bone,Even If The Rain,CD,1998,FALSE,FALSE,FALSE,,,
Flava To Da Bone,Why You Move So Fast – For Rødrussen ’94,CD,1998,FALSE,FALSE,FALSE,,,
Gatas Parlament,Autobahn Til Union,CD,1998,FALSE,FALSE,FALSE,,,
Grundlag,Reaksjon,,1998,FALSE,FALSE,FALSE,,,
Helén Eriksen,Lovevirgin,CD,1998,FALSE,FALSE,FALSE,,,
Jester,Sience and Fiction,CD,1998,FALSE,FALSE,TRUE,,,
Multicyde,Multicydal,Mixape/demo/samle,1998,FALSE,FALSE,FALSE,,,
Multicyde,The Claptrap,CD,1998,FALSE,FALSE,FALSE,,,
Multicyde,The Claptrap,CDS,1998,TRUE,FALSE,FALSE,,,
N-Light-N,Dedication,CD,1998,FALSE,FALSE,FALSE,,,
N-Light-N,Dedication,CDS,1998,TRUE,FALSE,FALSE,,,
Noora,Need You,CD,1998,FALSE,FALSE,FALSE,,,
Noora,Need You,12’’,1998,FALSE,FALSE,FALSE,,,
Noora,What About Love,CDS,1998,TRUE,FALSE,FALSE,,,
Pass The Mic ’98 (MC-samler),Pass The Mic ’98 (MC-samler),Mixape/demo/samle,1998,FALSE,FALSE,FALSE,,,
Rappers Delight ’98,Rappers Delight ’98 (live-MC),Mixape/demo/samle,1998,FALSE,FALSE,FALSE,,,
Risin' Sons,So Fine,CDS,1998,TRUE,FALSE,FALSE,,,
Ståle Stiil,Let’s Go Nintendo,MC,1998,FALSE,FALSE,FALSE,,,
Teddy Touch,Represent,Mixape/demo/samle,1998,FALSE,FALSE,FALSE,,,
Tommy Tee,Bonds. Beats And Beliefs,CD,1998,TRUE,FALSE,FALSE,2,,
Tommy Tee,It's All True,CDS,1998,TRUE,FALSE,FALSE,,,
Tommy Tee,Takin’ Ova,CDS,1998,TRUE,FALSE,FALSE,,,
Various,Schpaaa Soundtrack,CDA,1998,TRUE,FALSE,FALSE,,,
Warlocks,Mic Knight,CD,1998,TRUE,FALSE,FALSE,,,
Warlocks,Those Who Never Saw This,CDS,1998,TRUE,FALSE,FALSE,,,
Warlocks,Tecniques and Styles '99,CDS,1998,TRUE,FALSE,FALSE,,,
Wolverine,From The Shadows Of The Underground,CD,1998,FALSE,FALSE,FALSE,,,
Wolverine,From The Shadows Of The Underground Demo,Demo CD,1998,FALSE,FALSE,FALSE,,,
$cenic,Again,CD PROMO,1999,FALSE,FALSE,TRUE,,,
$cenic,Aquarius,CD,1999,TRUE,FALSE,FALSE,,,
$cenic,Broken Wings,CDS,1999,TRUE,FALSE,FALSE,,,
$cenic,Without You,CDS,1999,TRUE,FALSE,FALSE,,,
Crazy,Way Of Life,,1999,FALSE,FALSE,FALSE,,,
Diverse artister,Edutainment – The Ultimate R&B & Hip-Hop Compilation,CD,1999,FALSE,FALSE,FALSE,,,
Diverse artister,Rhymers Bench,CD,1999,FALSE,FALSE,TRUE,,,
DJ Andy,Crazy Cutz,Mixape/demo/samle,1999,FALSE,FALSE,FALSE,,,
DJ White Shadow,God Iz Back,Mixape/demo/samle,1999,FALSE,FALSE,FALSE,,,
Essentials,Wakeupcall,CDS,1999,FALSE,FALSE,FALSE,,,
Evig Poesi,Where’s Your Hope At?,DEMO CD,1999,FALSE,FALSE,FALSE,,,
Farell,My Life,CDS,1999,FALSE,FALSE,FALSE,,,
Farell,This Is My Reality,CDS,1999,FALSE,FALSE,FALSE,,,
Fusion Of Styles,Demo,Mixape/demo/samle,1999,FALSE,FALSE,FALSE,,,
Gatas Parlament,Stem Gatas Parlament,CD,1999,FALSE,FALSE,TRUE,,,Hm den gjorde det. såvidt jeg husker trykte vi opp en singel med remix + gataspill låta i 5000 ex som vi delte ut på roskildefestivalen det året vi spilte der + i demoen mooooootttt bush som var i køben etterpå. tviler på at vi har noen igjen fra det dog
Kapabel,Gulle godt vol. 1,Mixape/demo/samle,1999,FALSE,FALSE,FALSE,,,
Killah Mac,De Assassin,CD,1999,FALSE,FALSE,FALSE,,,
Klovner I Kamp,Bare Meg,CDS,1999,TRUE,FALSE,TRUE,,27.02.2016,
Kølla & Bølla,Kolbotn Playboys EP,12’’,1999,FALSE,FALSE,FALSE,,,
Kølla & Bølla,Kolbotn Playboys EP,CD,1999,FALSE,FALSE,FALSE,,,
Mindstate,Mindstate Blow,CD,1999,FALSE,FALSE,TRUE,,,
Multicyde,Not For the Dough,CD,1999,FALSE,FALSE,FALSE,,,
Multicyde,Multicydal,CDA,1999,TRUE,FALSE,FALSE,,,
Multicyde,Not For The Dough,CDS,1999,TRUE,FALSE,FALSE,,,
Noora,Curious,Promo CD,1999,FALSE,FALSE,FALSE,,,
Noora,I Wonder Why,CD,1999,FALSE,FALSE,FALSE,,,
Noora,Official,CD,1999,FALSE,FALSE,FALSE,,,
Noora,Something to Remember,Promo CD,1999,FALSE,FALSE,FALSE,,,
Noora,Sophie’s World,Promo CD,1999,FALSE,FALSE,FALSE,,,
Oslo Fluid,Intermission EP,CDS,1999,TRUE,FALSE,FALSE,,,
Oslo's Most Wanted,Can't Stop We,CDS,1999,FALSE,FALSE,FALSE,,,
Pen Jakke,De Kom Ridene,CDS,1999,FALSE,FALSE,FALSE,,,
Rhymers Bench,Rhymers Bench,,1999,FALSE,FALSE,FALSE,,,
Råtape (live-MC),Råtape (live-MC),Mixape/demo/samle,1999,FALSE,FALSE,FALSE,,,
Tommy Tee,Day By Day / International Connects,12’’,1999,TRUE,FALSE,FALSE,3,,
Tommy Tee,Crossing Borders,CDS,1999,TRUE,FALSE,FALSE,2,,
TP Allstars,Domini,CDS,1999,TRUE,FALSE,FALSE,,,
TP Allstars,Foul Child / City Soldiers,CDS,1999,TRUE,FALSE,FALSE,,,
TP Allstars,Norske Byggeklosser,CD,1999,TRUE,FALSE,FALSE,,,
TP Allstars,Dream On,CDS,1999,TRUE,FALSE,FALSE,,,
Tungtvann,Reinspikka hip hop,12’’,1999,FALSE,FALSE,FALSE,,,
Xtra Crew,Xtra Crew EP,Demo,1999,FALSE,FALSE,FALSE,,,
Apollo,Scenario,12’’,2000,FALSE,FALSE,TRUE,,,
Blow Up Productions,1 - 2,CD,2000,FALSE,FALSE,FALSE,,,
Conspiracy 2 Murda,The Mentally Dead: Episode 1 – The Resurrection EP,12’’,2000,FALSE,FALSE,FALSE,,,
Diaz,2050,CD,2000,TRUE,FALSE,FALSE,,,
Diaz,I Put My Life In It,CDS,2000,TRUE,FALSE,FALSE,,,
Diaz,Star From Trini,12’’,2000,TRUE,FALSE,FALSE,,,
Diaz,Star From Trini,CDS,2000,TRUE,FALSE,FALSE,,,
Diaz,I Come To Collect,12’’,2000,TRUE,FALSE,FALSE,,,
Diverse artister,ScandalNavia Vol. 1,CD,2000,FALSE,FALSE,TRUE,,,
Ekte bergensere,Ekte bergensere EP,12’’,2000,FALSE,FALSE,FALSE,,,
Eldialekto. Hosea. Evil child,Shit on Our Minds,Mixape/demo/samle,2000,FALSE,FALSE,FALSE,,,
Endre Modus,instruMENTALT forstyrra,Mixape/demo/samle,2000,FALSE,FALSE,FALSE,,,
Farell,Mamma,Promo CDS,2000,FALSE,FALSE,FALSE,,,
Farell,My Third Eye,CD,2000,FALSE,FALSE,FALSE,,,
Farell,Something Is Missing,CDS,2000,FALSE,FALSE,FALSE,,,
Glamma Life,The Glamma Life,12’’ / CDS,2000,FALSE,FALSE,FALSE,,,
Jewelz,Last Night,CD,2000,FALSE,FALSE,FALSE,,,
Kapabel,Kapabel - alias Istainn-T EP,12’’,2000,FALSE,FALSE,FALSE,,,
Kevin & Mae,En av Fem,12’’,2000,FALSE,FALSE,FALSE,,,
Kleen Cut,Do It Again,12’’,2000,FALSE,FALSE,FALSE,,,
Kleen Cut,Do It Again,CD,2000,FALSE,FALSE,FALSE,,,
Klovner I Kamp,Schwin,CD,2000,TRUE,FALSE,TRUE,,,
MadCon,God Forgive Me,CDS,2000,FALSE,FALSE,FALSE,,,
MadCon,God Forgive Me,CD,2000,FALSE,FALSE,FALSE,,,
MadCon,O.C (Oslo City),CDS,2000,FALSE,FALSE,FALSE,,,
Multicyde,Catch Us,CD,2000,FALSE,FALSE,FALSE,,,
Multicyde,The Banger,CD,2000,FALSE,FALSE,FALSE,,,
Nutsons,The Paranorml Sickayatrist EP,12’’,2000,FALSE,FALSE,FALSE,,,
Opaque,Proletarian Kingz,12’’,2000,FALSE,FALSE,FALSE,,,
Oral Bee,Alle Hater Oral Bee,CDS,2000,FALSE,FALSE,FALSE,,,
Oral Bee,Penger,CDS,2000,TRUE,FALSE,FALSE,,,
Oslo Fluid,Cycles of Life,CDS,2000,FALSE,FALSE,FALSE,,,
Oslo Fluid,Feel What I Feel,CDS,2000,FALSE,FALSE,FALSE,,,
Oslo Fluid,Feel What I Feel,CD,2000,FALSE,FALSE,FALSE,,,
Oslo Fluid,Cycles of Life,CDA,2000,TRUE,FALSE,FALSE,2,,
Oslo's Most Wanted,Cant Stop We,,2000,FALSE,FALSE,FALSE,,,
Pen Jakke,Østen,CD,2000,FALSE,FALSE,FALSE,,,
Pen Jakke,Pen Jakke,CDS,2000,TRUE,FALSE,FALSE,,,
Petter Smart,Dreamland EP,CD,2000,FALSE,FALSE,FALSE,,,
ScandalNavia Vol. 1,ScandalNavia Vol. 1,CD,2000,FALSE,FALSE,FALSE,,,
ScandalNavia Vol. 1,ScandalNavia Vol. 1,CDS PROMO,2000,TRUE,FALSE,FALSE,,,
So Called Negroes,Oslonian Underdogs,CD,2000,TRUE,FALSE,FALSE,,,
Stress.no/Carhartt,Vol. 1: Big Paulie & Teddy Touch,Mixtape,2000,FALSE,FALSE,FALSE,,,
Stress.no/Carhartt,Vol. 2: Tom & Gordon's Basic Education,Mixtape,2000,FALSE,FALSE,FALSE,,,
The Glamma Life,The Glamma Life/All Anglez,12’’ / CD,2000,FALSE,FALSE,FALSE,,,
Tungtvann,Hoda / Ubudne Gjesta,12’’,2000,FALSE,FALSE,FALSE,,,
Tungtvann,Hold Det Nede,12’’ / CDS / PROMO,2000,FALSE,FALSE,FALSE,,,
Tungtvann,Lappa / 96%,12’’,2000,FALSE,FALSE,FALSE,,,
Tungtvann,Lappa,12’’,2000,TRUE,FALSE,FALSE,,,
Tungtvann,Nord og ned,12’’,2000,TRUE,FALSE,FALSE,,,
Tungtvann,Nord og Ned,CD,2000,TRUE,FALSE,FALSE,,,
Tungtvann,Reinspikka Hip Hop EP,CD EP,2000,TRUE,FALSE,FALSE,,,
Tungtvann,Hold det nede,CDS,2000,TRUE,FALSE,FALSE,,,
Tungtvann,96 %,CDA,2000,TRUE,FALSE,FALSE,,,
URO,Snakker Så Du Skjønner,12’’ EP,2000,FALSE,FALSE,FALSE,,,
Apollo,Hvite Netter,12’’,2001,FALSE,FALSE,TRUE,,,
Apollo,Hvite Netter,CDS,2001,TRUE,FALSE,FALSE,,,
Busta Ofte,Busta Ofte,CDS,2001,FALSE,FALSE,FALSE,,,
Busta Ofte,Busta Ofte EP,EP 12’’,2001,FALSE,FALSE,FALSE,,,
Busta Ofte,Busta Ofte EP,EP CD,2001,FALSE,FALSE,FALSE,,,
Da Streetwise Boyz,Sarp World Trade Center,Demo,2001,FALSE,FALSE,FALSE,,,
Diaz & Kevin,Takk / 1 Av 5,12’’,2001,TRUE,FALSE,FALSE,,,
Diverse artister,Project EP,12’’,2001,FALSE,FALSE,FALSE,,,
DJ Blam,Rock The Discotheque,12’’,2001,FALSE,FALSE,FALSE,,,
DJ DeeLah,Fat Shit Volume I,Mixape/demo/samle,2001,FALSE,FALSE,FALSE,,,
Don Martin,The Al Dente EP,12’’,2001,TRUE,FALSE,TRUE,,,
Don Martin,The Al Dente EP,CD,2001,FALSE,FALSE,TRUE,,,
Endre Modus,instruMENTALT forstyrra,CD,2001,FALSE,FALSE,FALSE,,,
Evig Poesi,Åndelig Føde EP,CDS,2001,FALSE,FALSE,FALSE,,,
Evig Poesi,Åndelig Føde EP,12’’,2001,FALSE,FALSE,FALSE,,,
Fade & Paddywax,2001: En Mixtapeodysse,Mixtape,2001,FALSE,FALSE,FALSE,,,
Fade & Paddywax,Friistiiil,Mixtape,2001,FALSE,FALSE,FALSE,,,
Farell,En-To-Tre,CDS,2001,FALSE,FALSE,FALSE,,,
Fat Shit,Volume I,Mixtape,2001,FALSE,FALSE,FALSE,,,
Fremmed Rase,Horisontal Fortellerkunst,12’’,2001,FALSE,FALSE,FALSE,,,
Faa Paa Krew,Absolutt Faa Paa Vol. 1,Mixape/demo/samle,2001,FALSE,FALSE,FALSE,,,
Gatas Parlament,La raseriet strømme,CD,2001,FALSE,FALSE,FALSE,,,
Gatas Parlament,La Raseriet Strømme,12’’,2001,TRUE,FALSE,FALSE,,,
Jester & Don Martin,No Introduction Needed,12’’,2001,TRUE,FALSE,FALSE,,,
Kenneth,Kenneths rike,Mixape/demo/samle,2001,FALSE,FALSE,FALSE,,,
Kenneth,Livet E'Hærlig,Demo CD,2001,FALSE,FALSE,FALSE,,,
Klovner I Kamp,Tykt og Tynt,CDS,2001,FALSE,FALSE,FALSE,,,
Klovner I Kamp,Bjølsen Hospital,CD,2001,TRUE,FALSE,TRUE,,,
Mr. Milo. Lil' Danny & Friends,Song To Benjamin,CD,2001,FALSE,FALSE,FALSE,,,
Multicyde,A Better Day,CD,2001,FALSE,FALSE,FALSE,,,
Multicyde,Multiplicity German Edition,CDA,2001,FALSE,FALSE,FALSE,,,
Multicyde,Playgirl,Promo CD,2001,FALSE,FALSE,FALSE,,,
Multicyde,The Claptrap German Edition,CD,2001,FALSE,FALSE,FALSE,,,
Multicyde,A Better Day,CDS,2001,TRUE,FALSE,FALSE,2,,
Multicyde,Multiplicity,CDA,2001,TRUE,FALSE,FALSE,,,
Opaque,Finally Here,12’’,2001,FALSE,FALSE,FALSE,,,
Opaque,Gourmet Garbage,CD,2001,TRUE,FALSE,FALSE,,,
Oral Bee,Sånn Vi Putter Det Ned,CD,2001,FALSE,FALSE,FALSE,,,
Oral Bee,Den Breiale Stilen,CDS,2001,TRUE,FALSE,FALSE,,,
Organic,Tha Formula,,2001,TRUE,FALSE,FALSE,,,
Organic,Big Brother,CDS,2001,TRUE,FALSE,FALSE,,,
Paperboys,Moving Up / It’s Paper,12’’,2001,FALSE,FALSE,FALSE,,,
Paperboys,Moving Up / It’s Paper,CDS,2001,TRUE,FALSE,FALSE,2,,
Pen Jakke,Generasjon Hip-hop,CD EP,2001,TRUE,FALSE,FALSE,,,
PrOfEsSoR ANARAD,I lOsT mY mInD sOmEwHeRe By Da RiVeRs Of BaByLoN,CD,2001,TRUE,FALSE,FALSE,,,
PrOfEsSoR ANARAD,I lOsT mY mInD sOmEwHeRe By Da RiVeRs Of BaByLoN,12’’,2001,TRUE,FALSE,FALSE,,,
PrOfEsSoR ANARAD,Rebel Boogie,12’’,2001,TRUE,FALSE,FALSE,,,
Raggabalder Riddim Rebels,Ramsalt Dancehall vol. 1,Mixape/demo/samle,2001,FALSE,FALSE,FALSE,,,
Ruffneck Ragga,In Ur Bombaclat,,2001,FALSE,FALSE,FALSE,,,
Salvador,Hardcore Funk,12’’,2001,FALSE,FALSE,FALSE,,,
Salvador,Solar Conciousness - The 11th Pachakuti,CD,2001,TRUE,FALSE,FALSE,,,
So Called Negroes,Inside Out,CD,2001,FALSE,FALSE,FALSE,,,
So Called Negroes,So Free,CDS,2001,FALSE,FALSE,FALSE,,,
Stress.no/Carhartt,Vol. 3,Mixtape,2001,FALSE,FALSE,FALSE,,,
Stress.no/Carhartt,Vol. 4: Masta Ace's Favorites,Mixtape,2001,TRUE,FALSE,FALSE,,,
Talerne,Fram og Tilbake,CDS,2001,FALSE,FALSE,FALSE,,,
Talerne,Fram og tilbake,CD,2001,FALSE,FALSE,FALSE,,,
Teddy Touch,Off the Heazy,Mix CD,2001,FALSE,FALSE,FALSE,,,
Teddy Touch,Off the Heazy,Mixape/demo/samle,2001,FALSE,FALSE,FALSE,,,
Tommy Tee,World Renown,12’’,2001,TRUE,FALSE,FALSE,,,
Tungtvann,Fire Elementa (Remix),12’’ / CDS,2001,FALSE,FALSE,FALSE,,,
Tungtvann,Fire Elementa (Remix),CDS,2001,TRUE,FALSE,FALSE,,,
URO,Sirkus URO,CD / 12’’,2001,TRUE,FALSE,FALSE,,,
URO,Uroelementer,12’’ / CDS,2001,TRUE,FALSE,FALSE,,,
URO,Uroelementer,CDS Promo,2001,TRUE,FALSE,FALSE,,03/03/2016,Med promoskriv og releasereklame
Vincens,Play For Real,CDA,2001,TRUE,FALSE,FALSE,,,
Vincens,Where’s the Love Gone?,CDS,2001,TRUE,FALSE,FALSE,3,,
Vincens,Where’s the Love Gone?,CDS PROMO,2001,TRUE,FALSE,FALSE,,,
Warlocks,Rapgame,CDS,2001,FALSE,FALSE,FALSE,,,
Warlocks,You R A Dick,12’’,2001,TRUE,FALSE,FALSE,,,
Warlocks,Afterlife,CD,2001,TRUE,FALSE,FALSE,,,
Whimsical,Till I Drop/ Off The Beaten Track,12’’,2001,TRUE,FALSE,FALSE,,,
Alarmclock Connection,Få På No Opprør,CDS,2002,FALSE,FALSE,TRUE,,,
Apollo,Mine Damer Og Herrer,LP,2002,FALSE,FALSE,TRUE,,,
Apollo,Sperra Inne,12’’,2002,FALSE,FALSE,TRUE,,,
Apollo,Mine Damer Og Herrer,CD,2002,TRUE,FALSE,FALSE,,,
Apollo,Svake Mennesker,CDS,2002,TRUE,FALSE,FALSE,,,
Apollo,Sperra Inne,CDS,2002,TRUE,FALSE,FALSE,,,
Bad Spit,Sure Oppstøt,EP 12’’,2002,FALSE,FALSE,TRUE,,,
Big Paulie,Give Me A Break! – Paulie’s R&B Classics,Mixtape,2002,FALSE,FALSE,TRUE,,,
Big Paulie,Holla At A Playa,Mixtape,2002,FALSE,FALSE,FALSE,,,
Big Paulie,Presents: Kleen Cut No. 1 Draft Pick,Mixtape,2002,FALSE,FALSE,FALSE,,,
DIaz,Stikking,CDS,2002,TRUE,FALSE,FALSE,,,
Dirty Oppland,Demo,Demo CD,2002,FALSE,FALSE,FALSE,,,
Diverse artister,Unite – Four Elements – One State of Mind,,2002,FALSE,FALSE,FALSE,,,
Don Martin,Radio Alarmclock EP,CD,2002,TRUE,FALSE,FALSE,,,
Don Tomaso,Godfader vol. 1,Mixape/demo/samle,2002,FALSE,FALSE,FALSE,,,
Equicez,Live From Pass It,12’’,2002,FALSE,FALSE,TRUE,,,
Equicez,Negative Kids,12’’,2002,FALSE,FALSE,TRUE,,,
Equicez,Live From Pass It,CDS,2002,TRUE,FALSE,FALSE,2,,
Equicez,Negative Kids,CDS,2002,TRUE,FALSE,FALSE,,,
Fade & Paddywax,Oslo State Of Mind,Mixtape,2002,FALSE,FALSE,FALSE,,,
Fade & Paddywax,Oslo State Of Mind,,,,,,,,
Fat Shit,Volume II,Mixtape,2002,FALSE,FALSE,FALSE,,,
Folk Og Røvere,Utadæsjælopplevelse,CD,2002,FALSE,FALSE,FALSE,,,
Freakshow,Buy This Record,12’’,2002,TRUE,FALSE,FALSE,,,
Fremmed Rase,Fem Flate Øre,12’’ / CDS,2002,FALSE,FALSE,FALSE,,,
Fremmed Rase,Fem flate øre,CD / 12”,2002,FALSE,FALSE,FALSE,,,
Gatas Parlament,Holdning Over Underholdning,CD,2002,TRUE,FALSE,FALSE,2,,
Gatas Parlament,Nå Om Da'n,CDS,2002,TRUE,FALSE,FALSE,,,
GODS,Bovak,7”,2002,FALSE,FALSE,FALSE,,,
Herreløse,Demo III,Demo CD,2002,FALSE,FALSE,FALSE,,,
Jester,Gladiators/November,12’’,2002,FALSE,FALSE,FALSE,,,
Jester,Gladiators,12’’,2002,TRUE,FALSE,FALSE,,,
Ken-E,Foreplay,Mixape/demo/samle,2002,FALSE,FALSE,FALSE,,,
Killah Mac,Woman Problems,CDS,2002,FALSE,FALSE,FALSE,,,
Mojo & He-Man,I Am Somebody,12’’,2002,FALSE,FALSE,FALSE,,,
Mojo & He-Man,I Am Somebody,CD,2002,FALSE,FALSE,FALSE,,,
Nutsons,The Sleaze Cheesebourg EP,12’’,2002,FALSE,FALSE,FALSE,,,
Opaque,Finally Here,CDS,2002,TRUE,FALSE,FALSE,2,,
Oral Bee,Gangsta Gangsta,CD,2002,FALSE,FALSE,FALSE,,,
Oral Bee,Ustoppelig,CD BRENT,2002,FALSE,FALSE,FALSE,,,
Oral Bee,Seriemorder,Promo CDS,2002,TRUE,FALSE,FALSE,,,
Paperboys,Duets,Promo CD,2002,FALSE,FALSE,FALSE,,,
Paperboys,Barcelona remixed,CDS,2002,TRUE,FALSE,FALSE,2,,
Paperboys,Duets,CDS,2002,TRUE,FALSE,FALSE,2,,
Paperboys,Barcelona,CDS,2002,TRUE,FALSE,FALSE,,,
Paperboys,Find My Way,CDS,2002,TRUE,FALSE,FALSE,,,
Paperboys,Find My Way The Remix,CDS,2002,TRUE,FALSE,FALSE,,,
Paperboys,No Cure For Life,CD,2002,TRUE,FALSE,FALSE,,,
Paperboys,No Cure For Life (International Version),CD,2002,TRUE,FALSE,FALSE,,,
Paperboys,Feel It,CDS,2002,TRUE,FALSE,FALSE,,,
Pionero Pando,Pionero Pando (Cuba) & DJ Fade (Norway),Mixape/demo/samle,2002,FALSE,FALSE,FALSE,,,
Quest Productions,One Single Action,EP CD,2002,FALSE,FALSE,FALSE,,,
Quest Productions,One Single Action EP,CD,2002,FALSE,FALSE,FALSE,,,
Raggabalder,Ramsalt Ragga Volum 2,Mixape/demo/samle,2002,FALSE,FALSE,FALSE,,,
Side Brok,Side Brok EP,CD,2002,FALSE,FALSE,FALSE,,,
Silent Forces & Shahzad,Når rap møter banghra,CD,2002,FALSE,FALSE,FALSE,,,
Son Of Light,The Homecoming (A Return To Family Values),EP CD,2002,TRUE,FALSE,FALSE,,,
Spetakkel,Opp Av Bekkalokket,CDS,2002,FALSE,FALSE,FALSE,,,
Spetakkel,Opp av bekkalokket EP,CD,2002,FALSE,FALSE,FALSE,,,
Stress.no/Carhartt,Vol. 5: Westside Stories,Mixtape,2002,TRUE,FALSE,FALSE,2,,
T-Fuzz,Trond Solo Mugge 2002,Mixape/demo/samle,2002,FALSE,FALSE,FALSE,,,
The Fifty 50 Bunch,The Fifty 50 Bunch,Mixtape,2002,FALSE,FALSE,TRUE,,,
The Nutsons,The Sleaze Cheesebourg EP,12’’,2002,FALSE,FALSE,FALSE,,,
To små karer,Payback Time,CDS,2002,FALSE,FALSE,FALSE,,,
Tommy Tee,H.E.A.T. Volume 1,Mixtape,2002,FALSE,FALSE,FALSE,,,
Tommy Tee,H.E.A.T. Volume 2,Mixtape,2002,FALSE,FALSE,FALSE,,,
Tommy Tee,H.E.A.T. Volume 3,Mixtape,2002,FALSE,FALSE,FALSE,,,
Tommy Tee,What’s Your Name,12’’,2002,TRUE,FALSE,FALSE,,,
Tungtvann,Pøbla,12’’,2002,FALSE,FALSE,FALSE,,,
Tungtvann,Bransjehora,CDS,2002,TRUE,FALSE,FALSE,2,,
Tungtvann,Mørketid,CD,2002,TRUE,FALSE,FALSE,,,
Tungtvann,Mørketid,CD PROMO?,2002,TRUE,FALSE,FALSE,,,
Tungtvann,Påfyll,EP CD,2002,TRUE,FALSE,FALSE,,,
Tungtvann,Pøbla,CDS,2002,TRUE,FALSE,FALSE,,,
Ubåt,Landlov,CD EP,2002,TRUE,FALSE,FALSE,,,
Unity P.O.S.A,Udvikling T Einhed,Demo CD,2002,FALSE,FALSE,FALSE,,,
Våt Sopp,Nyfresha Lyrikk,EP CD,2002,FALSE,FALSE,FALSE,,,
Warlocks,Ha!Ha!Ha!,CDS,2002,FALSE,FALSE,FALSE,,,
Whimsical,My Rhymes,CDS,2002,FALSE,FALSE,FALSE,,,
Whimsical,My Rhymes,12’’,2002,FALSE,FALSE,FALSE,,,
Wof Crew (Wrist Of Fury),Out Of Sight,12’’,2002,TRUE,FALSE,FALSE,2,,
Andyboy,Hør Nå,Mixtape,2003,FALSE,FALSE,FALSE,,,
Andyboy,God Natt,EP CD,2003,TRUE,FALSE,FALSE,,3/3/2016,
Apollo,Hva Faan Tror’u?,Promo CD,2003,TRUE,FALSE,FALSE,,,
Bad Spit & Støgg Som Faen aka F-word,Diverse Demo Piss,Demo CD,2003,FALSE,FALSE,FALSE,,,
Beateliten,Beateliten,12’’,2003,FALSE,FALSE,FALSE,,,
Big Ice & Oral Bee,Da Playboy Foundation Compilation,CD,2003,TRUE,FALSE,FALSE,,,
Bønder I Kamp,Totengangstamotherfucker,CDS,2003,TRUE,FALSE,FALSE,,,
Chico Pato,Sigue Me’,12’’,2003,FALSE,FALSE,FALSE,,,
Chris Cash,Holla!,Mixape/demo/samle,2003,FALSE,FALSE,FALSE,,,
Chris Cash & Boge Bandit,Gunz & Ammo,Mix,2003,FALSE,FALSE,FALSE,,,
Christine,Gi Faen,Promo CD,2003,FALSE,FALSE,FALSE,,,
Christine,Jenteinvasjon,CDS,2003,FALSE,FALSE,FALSE,,,
Christine,Knekt,CD,2003,TRUE,FALSE,TRUE,,,
Da D.O.N.S.,She Don’t Know My Game,CD,2003,FALSE,FALSE,FALSE,,,
Definite,Brynseng Bootlegs,,,,,,,,
Definite,Brynseng Bootlegs,,,,,,,,
Definite,Inkasso,EP CD,2003,FALSE,FALSE,TRUE,,,
Diaz,Hvem Er Denne Karen?,CDS,2003,TRUE,FALSE,FALSE,,,
Diaz,Jessheim,CDS,2003,TRUE,FALSE,FALSE,,,
Diaz,Velkommen Hjem Andres,CD,2003,TRUE,FALSE,FALSE,,,
Diverse artister,+47 hip hop – En introduksjon,CD,2003,FALSE,FALSE,TRUE,,,
Diverse artister,Join the Revolution – Prakka vol. 1,Mixtape,2003,FALSE,FALSE,TRUE,,,
Diverse artister,Kingsize CD Volume 1,CD,2003,FALSE,FALSE,TRUE,,,
Diverse artister,Kingsize CD Volume 2,CD,2003,TRUE,FALSE,FALSE,,,
DJ OP,Flipside,Mixape/demo/samle,2003,FALSE,FALSE,FALSE,,,
DJ White Shadow,Back To The True School/Retarded Loonatick Brakez,12’’,2003,FALSE,FALSE,FALSE,,,
Equicez,Barnslig,CDS,2003,FALSE,FALSE,TRUE,,,
Equicez,WE: Blind / Drekkalåta,CDS,2003,TRUE,FALSE,TRUE,,,
Equicez,State Of Emergency - Generation Equicez,CD,2003,TRUE,FALSE,FALSE,2,,
Equicez,Blind,CDS,2003,TRUE,FALSE,FALSE,,,
Evig Poesi,Drekka Melk EP,CDS,2003,FALSE,FALSE,FALSE,,,
Evig Poesi,Drekka Melk EP,12’’,2003,FALSE,FALSE,FALSE,,,
Fade & Paddywax,Oslo State Of Mind
Fremmed Rase,Pisspreik,CD,2003,FALSE,FALSE,FALSE,,,
Funkshed,Brynseng Bootlegs,,,,,,,,
GODS,Slentre,CD,2003,FALSE,FALSE,FALSE,,,
Guilty,Three Chosen One's,Demo CD,2003,FALSE,FALSE,FALSE,,,
Guilty,X-Mess,Demo CDS,2003,FALSE,FALSE,FALSE,,,
Guilty,X-Mess,Mixape/demo/samle,2003,FALSE,FALSE,FALSE,,,
Hawk,Istid,Mixape/demo/samle,2003,FALSE,FALSE,FALSE,,,
Hawk,The Drop,12’’,2003,FALSE,FALSE,FALSE,,,
Hawk,The Drop,CD,2003,FALSE,FALSE,FALSE,,,
Hawk & Bølla,Planet Follo – Springbreak,Mixape/demo/samle,2003,FALSE,FALSE,FALSE,,,
Hella G,Det begynte med ein plan,,2003,FALSE,FALSE,FALSE,,,
Herr B.,Vi Entrer,12’’ / CDS,2003,FALSE,FALSE,TRUE,,,
Herreløse,Bong Gass,Demo CD,2003,FALSE,FALSE,TRUE,,,
House On The Hill,House On The Hill Mixtape,Mixape/demo/samle,2003,FALSE,FALSE,FALSE,,,
Jaypea,Northside Ballers,Mixtape,2003,FALSE,FALSE,FALSE,,,
Jester,Beautiful Deacay,CD,2003,FALSE,FALSE,TRUE,,,
Jester,Brynseng Bootlegs,,,,,,,,
Jogi & Raggabalder/Nico Danjah Ras,Dekka bord/Legaliser,7’’,2003,FALSE,FALSE,FALSE,,,
Join The Revolution,Prakka Vol. 1,CD,2003,FALSE,FALSE,FALSE,,,
Just Productions,Just Productions Mixtape,Mixape/demo/samle,2003,FALSE,FALSE,FALSE,,,
Jaa9 & Onkl P,Bondegramatikk The Mixtape,Mix CD,2003,TRUE,FALSE,FALSE,,,
Kenneth,Svart & Hvitt,EP CD,2003,FALSE,FALSE,FALSE,,,
Kenneth,Svart & hvitt EP,CD / 12”,2003,FALSE,FALSE,FALSE,,,
Killah Mac,Woman Problems,CD,2003,FALSE,FALSE,FALSE,,,
KingSize,Volume 1,CD,2003,FALSE,FALSE,FALSE,,,
KingSize,Volume 2,CD,2003,FALSE,FALSE,FALSE,,,
Kleen Cut,No. 1 Draft Pick,Mixape/demo/samle,2003,FALSE,FALSE,FALSE,,,
Klovner I Kamp,Fritt Vilt,12’’ / CDS,2003,FALSE,FALSE,FALSE,,,
Klovner I Kamp,Fritt vilt EP,CD,2003,TRUE,FALSE,TRUE,,,
Klovner I Kamp,Kunsten Å Fortelle,CD,2003,TRUE,FALSE,TRUE,,,
Kohinoor,Local Anaesthetic EP,CD,2003,FALSE,FALSE,FALSE,,,
Langrenn Allstars,Langrenn,CD,2003,FALSE,FALSE,FALSE,,,
Lukket Avdeling,En lukket verden,Mixape/demo/samle,2003,FALSE,FALSE,FALSE,,,
Mad Importance,Important Madness,Mixape/demo/samle,2003,FALSE,FALSE,FALSE,,,
Magnetisk Nord,Tinglysing EP,12’’ / CD,2003,FALSE,FALSE,FALSE,,,
Magnetisk Nord,Tinglysing EP,CD,2003,FALSE,FALSE,FALSE,,,
Maylay Sparks,Legend In My Own Mind,CD,2003,FALSE,FALSE,FALSE,,,
Nasty Kutt,Politrixx,Mixape/demo/samle,2003,FALSE,FALSE,FALSE,,,
Oslo Fluid,12 Fluid Ounces,CD,2003,TRUE,FALSE,FALSE,,,
Paperboys,On The Low/Hey Man (Special Limited Video Version),CDS,2003,FALSE,FALSE,FALSE,,,
Paperboys,What You Need / Bad Woman,Promo 12’’,2003,FALSE,FALSE,FALSE,,,
Paperboys,On The Low,CDS,2003,TRUE,FALSE,FALSE,,,
Paperboys,What U Need,CDS,2003,TRUE,FALSE,FALSE,,,
Paperboys,The Great Escape,CD,2003,TRUE,FALSE,FALSE,2,,
Pay Per View Crew,Demo,CD,2003,FALSE,FALSE,FALSE,,,
Pay Per View Crew,Pay Per View Crew,Mixape/demo/samle,2003,FALSE,FALSE,FALSE,,,
PIT,Power Integrity Tolerance,CD,2003,TRUE,FALSE,FALSE,,,
Planet Follo,Spring Break,Mix CD,2003,FALSE,FALSE,FALSE,,,
Planet Follo,Istid,Mixtape,2003,TRUE,FALSE,FALSE,,,
Point,Demo'n,Demo CD,2003,FALSE,FALSE,FALSE,,,
Quest,Presents Quest Vol. 1,,2003,FALSE,FALSE,FALSE,,,
Quest,Quest Vol. 1,CD,2003,FALSE,FALSE,FALSE,,,
Raggabalder,Ramsalt Ragga Volum 2,Mixape/demo/samle,2003,FALSE,FALSE,FALSE,,,
Ravi & DJ Løv,Nok en aka Jorboer del II,CD,2003,FALSE,FALSE,FALSE,,,
Samlealbum,+47 Hip Hop - En Introduksjon,CD,2003,FALSE,FALSE,FALSE,,,
Samsaya,Pure To Me,CD,2003,FALSE,FALSE,FALSE,,,
Sander,Vi tar det som det kommer,CD,2003,FALSE,FALSE,FALSE,,,
Side Brok,1. 2. 3. fyre,CD,2003,FALSE,FALSE,FALSE,,,
Side Brok,1. 2. 3. fyre,CDS,2003,TRUE,FALSE,FALSE,,,
Spetakkel,Spetakkel,CD,2003,TRUE,FALSE,FALSE,,,
Stigiwondah,DEMOReALISERING,Demo CD,2003,FALSE,FALSE,FALSE,,,
Stress.no/Carhartt,Vol. 6: Tommy Tee – Girls Girls Girls,Mixtape,2003,TRUE,FALSE,FALSE,,,
Svartelisten,Svartelisten EP,12’’ / CD,2003,FALSE,FALSE,FALSE,,,
T-Fuzz,Trond Solo Mugge 2003,Mixape/demo/samle,2003,FALSE,FALSE,FALSE,,,
Taktløs,Norsk Muntlig,CD,2003,FALSE,FALSE,FALSE,,,
Taktløs,Norsk muntlig,Mixape/demo/samle,2003,FALSE,FALSE,FALSE,,,
Teddy Touch,Goodvibes,Mix CD,2003,FALSE,FALSE,FALSE,,,
Teddy Touch,Teddyville,Mix CD,2003,FALSE,FALSE,FALSE,,,
Teddy Touch,Teddyville,Mixape/demo/samle,2003,FALSE,FALSE,FALSE,,,
Teddy Touch/Mista Machine Smith,Goodvibes vol. 1,Mixape/demo/samle,2003,FALSE,FALSE,FALSE,,,
Terminator André & Ragnar Fela,Urban folkemusikk vol. 1,Mixape/demo/samle,2003,FALSE,FALSE,FALSE,,,
The Fifty 50 Bunch,Unreleased,Demo,2003,FALSE,FALSE,FALSE,,,
The Nutsons,The Sleaze Cheesebourg EP,CDS,2003,FALSE,FALSE,FALSE,,,
The R.I.S.E. Project,All About The Benjamins,CD,2003,FALSE,FALSE,FALSE,,,
The R.I.S.E. Project,Maroon,CD,2003,TRUE,FALSE,FALSE,,,
Thirsty Fishes,Mixtape Vol. 1,Mixtape,2003,FALSE,FALSE,FALSE,,,
To små karer,Oss små imellom,,2003,FALSE,FALSE,FALSE,,,
To små karer,Reality-tv,CDS,2003,FALSE,FALSE,FALSE,,,
To små karer,Shit så kaldt det er,CDS,2003,FALSE,FALSE,FALSE,,,
To små karer,Drømmer om et sted,CDS,2003,TRUE,FALSE,FALSE,,,
Tommy Orion,Pure Sound,Mixape/demo/samle,2003,FALSE,FALSE,FALSE,,,
Tommy Tee,H.E.A.T. Volume 4,Mixtape,2003,FALSE,FALSE,FALSE,,,
Tommy Tee,H.E.A.T. Volume 5,Mixtape,2003,TRUE,FALSE,FALSE,,,
URO,Frank Schwindel Presenterer URO,CD EP,2003,TRUE,FALSE,FALSE,,,
Våt Sopp,Kompakt Tilrettelagt,CDA,2003,TRUE,FALSE,TRUE,,,
Winta,Emotions,CD,2003,FALSE,FALSE,FALSE,,,
Winta,Trippin’,CD,2003,TRUE,FALSE,FALSE,,,
Winta,Trippin’,LP,2003,TRUE,FALSE,FALSE,,,
Wolverine,Mixdisc Volum 1: Mareks Enterprises,Mixtape,2003,FALSE,FALSE,FALSE,,,
3 Vise Menn,3 Vise Menn Demo,Demo CD,2004,TRUE,FALSE,FALSE,,,
Alarmclock Connection,2xH Exclusive Mixtape,Mixtape,2004,FALSE,FALSE,FALSE,,,
Andyboy,Tic Tic,CDS,2004,FALSE,FALSE,FALSE,,,
Apollo,Satans Sirkus,CD,2004,FALSE,FALSE,TRUE,,,
Apparatus,Fear Of Frying,EP CD,2004,FALSE,FALSE,FALSE,,,
Appendix,Ungdommen Nå Til Dags,EP CD,2004,FALSE,FALSE,TRUE,,,
Bad Spit,Bag Full Av Våpen - Hodet Fullt Av Dataspill,CD,2004,FALSE,FALSE,TRUE,,,
Big Op,Flipside,Mixtape,2004,FALSE,FALSE,FALSE,,,
Big Paulie,Give Dem A Run! – Dancehall Classics Volume One,Mixtape,2004,FALSE,FALSE,FALSE,,,
Cam'N A-lee,Cam'N A-lee Demo,Demo CD,2004,FALSE,FALSE,FALSE,,,
Daniele,Minste Gulingen,Demo CD,2004,FALSE,FALSE,FALSE,,,
Dirty Oppland,Dette Er En Promo,Mixape/demo/samle,2004,FALSE,FALSE,FALSE,,,
Dirty Oppland,Greatest Hits Demo,Demo CD,2004,TRUE,FALSE,FALSE,,,
DJ Fade & Paddywax,Oslo State of Mind,,,,,,,,
DJ Kaffka,Aprmt's Sommerkassett 1,Mixtape,2004,FALSE,FALSE,FALSE,,,
Dose,Dose,,2004,FALSE,FALSE,FALSE,,,
DVD & Sirius,Coffee & Beer,CD,2004,FALSE,FALSE,FALSE,,,
Fade & Paddywax,Oslo State Of Mind,,,,,,,,
Freakshow,We Are The Champions,Mixtape,2004,FALSE,FALSE,FALSE,,,
Gatas Parlament,Bombefly/Rackers Delight,CD,2004,FALSE,FALSE,FALSE,,,
Gatas Parlament,Bootlegs. B-sider & Bestiser,Mixtape,2004,TRUE,FALSE,FALSE,,,
Gatas Parlament,Fred. Frihet & Alt Gratis,CD,2004,TRUE,FALSE,FALSE,2,,
Gatas Parlament,Bombefly/Rackers Delight,12’’,2004,TRUE,FALSE,FALSE,,,
GEEK,Demo,Demo EP,2004,FALSE,FALSE,FALSE,,,
Grunnmuren,Ekko! Ekko!,Demo CD,2004,FALSE,FALSE,FALSE,,,
Hajoken & Makaber,Negativitetsteorien,Mixtape,2004,FALSE,FALSE,FALSE,,,
Hawk & Bølla,Planet Follo: Spring Break Vol. 2,Mixape/demo/samle,2004,FALSE,FALSE,FALSE,,,
Jakobsen,Debris from a fragmented culture volume 4,Mixape/demo/samle,2004,FALSE,FALSE,FALSE,,,
Jakobsen,Lastebil (debris from a fragmented culture volume 1),Mixape/demo/samle,2004,FALSE,FALSE,FALSE,,,
Jakobsen,Oddetall! (debris from a fragmented culture volume 3),Mixape/demo/samle,2004,FALSE,FALSE,FALSE,,,
Jakobsen,Polarbjørn (debris from a fragmented culture volume 2),Mixape/demo/samle,2004,FALSE,FALSE,FALSE,,,
Join The Revolution,Prakka Vol. 2,CD,2004,TRUE,FALSE,FALSE,,,
Jaa9 & Onkl P,Stank Ass Ho 2,CDS,2004,FALSE,FALSE,FALSE,,,
Jaa9 & Onkl P,Sjåre Brymæ,CD,2004,TRUE,FALSE,FALSE,,,
Jaa9 & Onkl P,Kjendisparty,CDS,2004,TRUE,FALSE,FALSE,,,
Karpe Diem,Glasskår EP,EP CD,2004,TRUE,FALSE,FALSE,,,
Ken Ring & Tommy Tee,BB Berättelsen,CD,2004,FALSE,FALSE,FALSE,,,
Kids Love Wax,Evig Ferie. Me And My Beach,Mixtape,2004,FALSE,FALSE,FALSE,,,
Kleen Cut,Hands Up,CDS,2004,FALSE,FALSE,FALSE,,,
Kleen Cut,Hands Up,CD,2004,FALSE,FALSE,FALSE,,,
Kleen Cut,Tell Me How (Embrace Me),DEMO CDS,2004,TRUE,FALSE,FALSE,,,
Klovner I Kamp,20 000 Tomme Seter,CDS,2004,TRUE,FALSE,TRUE,,,
Kompani69,Kald På Føttern presenterer Trick Shot,Mixape/demo/samle,2004,FALSE,FALSE,FALSE,,,
Kompani69,Trick Shot,Mixtape,2004,FALSE,FALSE,FALSE,,,
MadCon,Doo Wop,CDS,2004,TRUE,FALSE,FALSE,,,
MadCon,It's All A MadCon,CD,2004,TRUE,FALSE,FALSE,,,
MC Optik,Optical Illusion EP,CD EP,2004,TRUE,TRUE,FALSE,,,
Nabolaget,Nabovarsel,Demo CD,2004,FALSE,FALSE,FALSE,,,
Nasty Kutt,Homework,Mix CD,2004,FALSE,FALSE,FALSE,,,
Noora,All I Am,,2004,FALSE,FALSE,FALSE,,,
Noora,Zeros,CD,2004,FALSE,FALSE,FALSE,,,
Paperboys,Ra Ra Remix,CDS,2004,FALSE,FALSE,FALSE,,,
Paperboys,One Day,CDS,2004,TRUE,FALSE,FALSE,,,
Paperboys,Ra Ra,CDS,2004,TRUE,FALSE,FALSE,,,
Paperboys,Ra Ra,Promo CD,2004,TRUE,FALSE,FALSE,,,
Pass It,The Omen,Mixtape,2004,TRUE,FALSE,FALSE,,,
Pass It Records,The Omen Mixtape,Mixape/demo/samle,2004,FALSE,FALSE,FALSE,,,
Planet Follo,Spring Break Vol. 2,Mix CD,2004,FALSE,FALSE,FALSE,,,
PS,Demo,Mixape/demo/samle,2004,FALSE,FALSE,FALSE,,,
Ratpack,Demo,Mixape/demo/samle,2004,FALSE,FALSE,FALSE,,,
Ravi & DJ Løv,Dødsøt,CD,2004,FALSE,FALSE,FALSE,,,
Ravi & DJ Løv,Lekr butik,,2004,FALSE,FALSE,FALSE,,,
Ronnie Jacobsen vs. Salvador,Adjust Your Stereo,,2004,FALSE,FALSE,FALSE,,,
Ronnie Jacobsen vs. Salvador,Told You So/Big Desert,CDS,2004,TRUE,FALSE,FALSE,,,
SA-G,G-Unit Takeover,Mixape/demo/samle,2004,FALSE,FALSE,FALSE,,,
Samlealbum,Topp Allstars - Norsk HipHop,EP CD,2004,TRUE,FALSE,FALSE,2,,
Samsaya,Shedding Skin,,2004,FALSE,FALSE,FALSE,,,
Samsaya,Ever Been Had?,CDS,2004,TRUE,FALSE,FALSE,,,
Sander,Mellom fjord og fjell,,2004,FALSE,FALSE,FALSE,,,
Sander,Mellom fjord og fjell,CD,2004,FALSE,FALSE,FALSE,,,
Side Brok,Høge Brelle,CD,2004,TRUE,FALSE,FALSE,2,,
Smalltown Emcees,Reppin' The Lost,CD,2004,FALSE,FALSE,FALSE,,,
Spetakkel,Hansadansen,CDS,2004,TRUE,FALSE,FALSE,,,
Spetakkel,Hansadansen EP,CD EP,2004,TRUE,FALSE,FALSE,,3/3/16,
Stress.no/Puma,Give Dem A Run,Mixtape,2004,FALSE,FALSE,FALSE,,,
Ståle Stiil,Hørt om mæ?,Mixape/demo/samle,2004,FALSE,FALSE,FALSE,,,
Teddy Touch,ForgetAboutIt,Mixtape,2004,FALSE,FALSE,FALSE,,,
Teddy Touch,Forgetdaboutit,Mixape/demo/samle,2004,FALSE,FALSE,FALSE,,,
Terminator André & Ragnar Fela,Urban folkemusikk vol. 2,Mixape/demo/samle,2004,FALSE,FALSE,FALSE,,,
The Fifty 50 Bunch,The Filthy Fifty EP,EP CD,2004,FALSE,FALSE,FALSE,,,
Thirsty Fishes,Mixtape Vol. 2,Mixtape,2004,FALSE,FALSE,FALSE,,,
Tier’n & Lars,Frykt og Avsky i Bergen,Mixtape,2004,FALSE,FALSE,FALSE,,,
Tommy Tee,BB Berättelsen,CDS,2004,FALSE,FALSE,FALSE,,,
Tommy Tee,H.E.A.T. The Final Chapter,Mixtape,2004,FALSE,FALSE,FALSE,,,
Tommy Tee,H.E.A.T. Volume 6,Mixtape,2004,FALSE,FALSE,FALSE,,,
Tommy Tee,Back To Work - The Official TP Mixtape Vol. 1,CD,2004,TRUE,FALSE,FALSE,,,
Tommy Tee & Ken Ring,2 Legender Utan Penger,CD,2004,FALSE,FALSE,FALSE,,,
Tommy Tee & Ken Ring,2 Legender Utan Penger,CD PROMO,2004,TRUE,FALSE,FALSE,,,
Tungtvann,5 År Og Like Langt,DVD,2004,FALSE,FALSE,FALSE,,,
Tungtvann,III - Folket Bak Nordavind,LP /CD,2004,FALSE,FALSE,FALSE,,,
Tungtvann,Slæpp dæ laus,CD,2004,FALSE,FALSE,FALSE,,,
Tungtvann,Velkommen Til Tungtland,Mixtape,2004,FALSE,FALSE,FALSE,,,
Tungtvann,Velkommen til Tungtland,Mixape/demo/samle,2004,FALSE,FALSE,FALSE,,,
Tungtvann,Slæpp Dæ Laus,CDS,2004,TRUE,FALSE,FALSE,,,
Tungtvann,III – Folket Bak Nordavind,CD,2004,TRUE,FALSE,FALSE,2,,
URO,Frank Schwindel Svindler Uro På En Høyst Schwindelaktig Måte,CD EP,2004,TRUE,FALSE,FALSE,,,
Various,Uno,CDA,2004,TRUE,FALSE,FALSE,,,
Whimsical,Coming Home,EP CD,2004,TRUE,FALSE,FALSE,,,
Winta,First,CDS,2004,FALSE,FALSE,FALSE,,,
Winta,Hot Romance (Rok Wit You),CD,2004,FALSE,FALSE,FALSE,,,
Winta,I Want U,CD,2004,FALSE,FALSE,FALSE,,,
190 Snublefot,På Strømpelesten,Demo CD,2005,FALSE,FALSE,FALSE,,,
Andyboy,Verden uten Meg,CDS,2005,FALSE,FALSE,FALSE,,,
Andyboy,Candela Reggaeton Mixtape Vol. 1,Mix CD,2005,FALSE,FALSE,FALSE,,,
Armageddish Fetish,The Heimert Made Me Do It,CD EP,2005,FALSE,FALSE,FALSE,,,
Big Paulie,Bright Lights. Big City,Mixtape,2005,FALSE,FALSE,FALSE,,,
Cast,Kela,CDS,2005,TRUE,FALSE,FALSE,2,,
Cast,Problembarn,CDA,2005,TRUE,FALSE,FALSE,,,
Cast,Problembarn Sampler,CD PROMO,2005,TRUE,FALSE,FALSE,,,
Chem & Dets,Professional Shit Talkin,Mixtape,2005,FALSE,FALSE,FALSE,,,
Diaz,Ikke Alene,CDS,2005,TRUE,FALSE,FALSE,,,
Diaz,Mitt Stille Vann,CDS,2005,TRUE,FALSE,FALSE,,,
Don Martin,Situation Normal All Fucked Up,CD,2005,TRUE,FALSE,TRUE,,,
Evig Poesi,I Krig Og Kjerlighet,CD,2005,FALSE,FALSE,FALSE,,,
Gatas Parlament,Antiamerikansk Dans Remix,CDS,2005,FALSE,FALSE,FALSE,,,
Herreløse,La Vida Loka,Mixtape,2005,FALSE,FALSE,FALSE,,,
Hvite Løgner,Come On,CDS,2005,FALSE,FALSE,FALSE,,,
Kleen Cut,Rookie Of The Year,CD,2005,TRUE,FALSE,FALSE,,,
Klovner I Kamp,Et Juleevangelium,CDS,2005,FALSE,FALSE,FALSE,,,
Klovner I Kamp,Ørnen Tek Ikkje Unga,CD,2005,TRUE,FALSE,TRUE,,,
Konger Uten Kroner,Vinter,Mixtape,2005,FALSE,FALSE,FALSE,,,
Langbein,Henda I Været,Mixtape,2005,FALSE,FALSE,FALSE,,,
MadCon,Infidelity,CDS,2005,FALSE,FALSE,FALSE,,,
Onkl P,Det Kunne Vært Deg,CD,2005,FALSE,FALSE,FALSE,,,
Oral Bee,Still Putter Det Ned,CD,2005,TRUE,FALSE,FALSE,,,
Paperboys,When Worlds Collide,CD,2005,TRUE,FALSE,FALSE,2,,
Paperboys,Keep It Cool / Tomorrow,CDS,2005,TRUE,FALSE,FALSE,,,
Paperboys,Wiggle It,CDS,2005,TRUE,FALSE,FALSE,,,
Paperboys,Coming Of Age,CDS,2005,TRUE,FALSE,FALSE,,,
Philip,Skulk Med Stil,CD,2005,TRUE,FALSE,FALSE,,,
Philip,Sommerflørt,CDS,2005,TRUE,FALSE,FALSE,,,
Planet Follo,Spring Break Vol. 3,Mix CD,2005,FALSE,FALSE,FALSE,,,
Side Brok,Side Brooklyn,EP CD,2005,FALSE,FALSE,FALSE,,,
Skills Misse Baren,Skills Misse Baren,CD EP,2005,TRUE,FALSE,FALSE,,,
Smalltown Emcees,Reppin' The Lost,CD,2005,FALSE,FALSE,FALSE,,,
Spetakkel,Presenterer Slaglinjelaget,CD,2005,FALSE,FALSE,FALSE,,,
Stress.no/Carhartt,Vol. 7 - The South,Mixtape,2005,FALSE,FALSE,FALSE,,,
Stress.no/Lacoste,Vol. 1 - Summer Blends,Mixtape,2005,TRUE,FALSE,FALSE,2,,
Sørsia Gerilja,Sørsia Mixtape,Mixtape,2005,TRUE,FALSE,FALSE,,,
Taktløs,På Frifot,CD,2005,FALSE,FALSE,FALSE,,,
Teddy Touch,Trouble 01 - The Mixtape,Mixtape,2005,FALSE,FALSE,FALSE,,,
The Fifty 50 Bunch / R.I.P.,Mixtape,Mixtape CD,2005,FALSE,FALSE,FALSE,,,
Tier’n & Lars,Tilbake til Stripa: Forberedelsen,CD,2005,FALSE,FALSE,FALSE,,,
Tommy Tee,Tommy Tycker Om Mej,CD,2005,TRUE,FALSE,FALSE,,,
URO,Frank Schwindel Presenterer: Nok Et Rap-Band Fra Oslo,CD EP,2005,TRUE,FALSE,FALSE,2,,
Verna Bedrift,Lykkelig Uvitende,EP CD,2005,FALSE,FALSE,FALSE,,,
Warlocks,The NeverEnding Story,CD,2005,FALSE,FALSE,FALSE,,,
Warlocks,Lyrical Marksmen Remastered with DVD,CDA,2005,TRUE,FALSE,FALSE,,,
Warlocks,Stay Warm,CDS,2005,TRUE,FALSE,FALSE,2,,
Whimsical,The Glow,CD,2005,FALSE,FALSE,FALSE,,,
Akeron,Opp I Bygget,CD,2006,FALSE,FALSE,TRUE,,,
Darkside Of The Force,El Dia De Los Puercos,CD,2006,TRUE,FALSE,FALSE,,,
Diaz,Jessheimfanden,CD,2006,TRUE,FALSE,FALSE,,,
Different Colour,Different Colour,CD,2006,TRUE,FALSE,FALSE,,,
Don Martin,Motgift,7”,2006,TRUE,FALSE,TRUE,,,
Don Martin & Supa Sayed,Motgift,CD EP,2006,TRUE,FALSE,FALSE,,,
El Axel,Showtime,CD,2006,TRUE,FALSE,FALSE,,,
Gutta På Skauen,Motstandsbevegelsen Vol. 1,CD,2006,FALSE,FALSE,FALSE,,,
Jester,Neighbourhood,CDS,2006,TRUE,FALSE,FALSE,,,
Jester,Short Stories,CD,2006,TRUE,FALSE,FALSE,,,
Karpe Diem,Piano,CD,2006,FALSE,FALSE,FALSE,,,
Karpe Diem,Rett Fra Hjeret,CD,2006,TRUE,FALSE,FALSE,,,
Karpe Diem,Show,CDS,2006,TRUE,FALSE,FALSE,,,
Kleen Cut,Kleen-A-Palooza,CD,2006,FALSE,FALSE,FALSE,,,
Kleen Cut,The Aviator,CD,2006,TRUE,FALSE,FALSE,,,
Nils M/ Skills,Ventings Mixtape,CD,2006,FALSE,FALSE,FALSE,,,
Paperboys,So Far So Good,CD / DVD,2006,TRUE,FALSE,FALSE,,,
Pass It,Skits & Lost Hits,Mixtape,2006,FALSE,FALSE,FALSE,,,
Pumba,Pengelens,CD,2006,FALSE,FALSE,FALSE,,,
Side Brok,Kar Me Kjøme Frå,CD,2006,TRUE,FALSE,FALSE,2,,
Tier’n & Lars,Kulturklash,CD,2006,TRUE,FALSE,FALSE,,,
Tungtvann,2 uka,Promo CDS,2006,TRUE,FALSE,FALSE,,,
Tungtvann,Velkommen Til Tungtland 2,CD,2006,FALSE,FALSE,FALSE,,,
Tungtvann,Siste Skanse,CD,2006,TRUE,FALSE,FALSE,,,
Viballistic,Virkeligheten Er Virkeligheten,CD,2006,FALSE,FALSE,FALSE,,,
Vågsbygd Handy,Hverdagsninja,CD,2006,TRUE,FALSE,FALSE,,,
Appendix,Idoler med paroler,CD EP,2007,FALSE,FALSE,TRUE,,,
el Axel,It Is Wha It Is,CD,2007,FALSE,FALSE,TRUE,,,
Gest,Historie,CDS,2007,FALSE,FALSE,FALSE,,,
Gest,I Grevens Tid,CDA,2007,FALSE,FALSE,FALSE,,,
MadCon,Beggin,CDS,2007,TRUE,FALSE,FALSE,,,
MadCon,So Dark The Con Of Man,CDA,2007,TRUE,FALSE,FALSE,,,
Tungtvann m Apati,Få Det Bort,Promo CDS,2007,TRUE,FALSE,FALSE,,,
Various artists,Piracy Kills Music.no,CD,2007,TRUE,FALSE,FALSE,,,
Vågsbygd Handy,“2”,CDA,2007,FALSE,FALSE,FALSE,,,
Andyboy,Kuga Libre,CD,2008,FALSE,FALSE,FALSE,,,
Chris Lee,Worry No,CDA,2008,TRUE,FALSE,FALSE,,,
Emire Og Lillebror,Oslo,CDS,2008,TRUE,FALSE,FALSE,,,
Emire Og Lillebror,99% Ærlig,CDA,2008,TRUE,FALSE,FALSE,,,
Gatas Parlament,Apocalypso,CDA,2008,TRUE,FALSE,FALSE,,,
Gatas Parlament,Counter Strike EP,CD EP,2008,TRUE,FALSE,FALSE,3,,
Gatas Parlament,Kids Har Alltid Rett,CDA,2008,TRUE,FALSE,FALSE,,,
Karpe Diem,Fire Vegger,CDA,2008,TRUE,FALSE,FALSE,,,
Lok Allé,Lok Allé,CDA,2008,TRUE,FALSE,FALSE,,,
MadCon,Liar,CDS,2008,TRUE,FALSE,FALSE,,,
MadCon,An InCONvinient Truth,CDA,2008,TRUE,FALSE,FALSE,,,
Paperboys,After All,CDS,2008,TRUE,FALSE,FALSE,,,
Andyboy,Et Vakker Sinn,CD,2009,TRUE,FALSE,TRUE,,,
Atlars,Veien Framigjønå,LP 12”,2009,FALSE,FALSE,TRUE,,,
Big Ice,Stackin Beats,CDA,2009,TRUE,FALSE,FALSE,,,
Big Ice,Stackin Beats Bonus Disc,CDS,2009,TRUE,FALSE,FALSE,,,
Hooga Troopers,Hooga Island,CDA,2009,TRUE,FALSE,FALSE,,,
Ivy League,The Brains,12’’,2009,TRUE,FALSE,FALSE,,,
J-RAMM. Nutsons. Clark F. Kolon Productions,J-Ramm / Kolon Productions / Nutsons / Clark F,12’’,2009,TRUE,FALSE,FALSE,,,
Jester & Don Martin,Sikter På Månen Og Lander På Taket,CDA,2009,TRUE,FALSE,FALSE,,,
Lars Vaular,D’e Glede,CDA,2009,TRUE,FALSE,FALSE,,,
Paperboys,The Oslo Agreement,CDA,2009,TRUE,FALSE,FALSE,,,
Tommy Tee,Studio Time,CDA,2009,TRUE,FALSE,FALSE,,,
Big Ice,Trunk Of Funk,CDA,2010,TRUE,FALSE,FALSE,,,
Karpe Diem,Aldri Solgt En Løgn,CDA,2010,TRUE,FALSE,FALSE,,,
Svartepetter,Jeg Er Tilbake,CDA,2010,TRUE,FALSE,FALSE,,,
Svartepetter,Soultheory Presenterer Svartepetter,CDA,2010,TRUE,FALSE,FALSE,,,
Vågsbygd Handy,Undervannsmusikk,CDA,2010,FALSE,FALSE,FALSE,,,
Big Ice & Oral Bee,Pionerer,CD,2011,TRUE,FALSE,FALSE,,,
Karpe Diem,Kors På Halsen Ti Kniver I Hjertet Mor Og Far I Døden,CDA,2012,TRUE,FALSE,FALSE,,,
Big Ice,På Min West Coast Shit!,CDA,2013,TRUE,TRUE,FALSE,,,
Big Ice & Oral Bee,Norges Største Playaz,CDA,2013,TRUE,FALSE,FALSE,,,
Ubåt,Ghetto Media,LP 12”,2013,TRUE,FALSE,FALSE,,,
Yoguttene,•«Velid$jeldent 4 Et NYT HÅP» - 57-spors gratis mixtape.,,2013,FALSE,FALSE,FALSE,,,
Yoguttene,• «Pulyogutene» - 7-spors EP med Kvamkollektivet på produksjon,,2013,FALSE,FALSE,FALSE,,,
Yoguttene,• «D'Sant» - 10-spors EP med Basmo Family på produksjon.,,2013,FALSE,FALSE,FALSE,,,
Yoguttene,• • «Pulyogutene 2» - 7-spors EP med Kvamkollektivet),,2013,FALSE,FALSE,FALSE,,,
Yoguttene,• «D'Sant 2» - 6-spors EP med Basmo Family,,2013,FALSE,FALSE,FALSE,,,
Yoguttene,• «1000 tak» - Solodebut fra Handerrelinni. 12 spor. prod. Basmo Fam. Kvamkollektivet. Block Beattaz. Oral Bee. Thias.,,2014,FALSE,FALSE,FALSE,,,
Yoguttene,• «Ong Klub Gud EP» - 6-spors samarbeid med produsent Drippin'.,,2014,FALSE,FALSE,FALSE,,,
Yoguttene,• «D'Sant 3D »- 12-spors samarbeid med produsentene i Basmo Family.,,2014,FALSE,FALSE,FALSE,,,
Yoguttene,• «Fredah »- 6-spors EP fra Handerre Linni og Kvamkollektivet.,,2014,FALSE,FALSE,FALSE,,,
Yoguttene,• «Burgar Flip Svai» - 5-spors EP fra Jenny Skavland og Ol' Burger Beats.,,2014,FALSE,FALSE,FALSE,,,
Yoguttene,• «Kul Jul »- julesingel med Kvamkollektivet.,,2014,FALSE,FALSE,FALSE,,,
Yoguttene,• «5 fine frøkner Remix» - Remix av Funkin' Matts remix av Gabrielles hitsingel.,,2014,FALSE,FALSE,FALSE,,,
Yoguttene,• «Extrem» - singel fra det kommende «$VAI - et studioalbum». produsert av Funkin' Matt.,,2014,FALSE,FALSE,FALSE,,,
Yoguttene,• «1.2.3 Fyre (Esso 2014)» singel under konseptet
Oral Bee & Da Playboy Foundation,Putter Det Ned 4 Ever,CDA,2015,TRUE,FALSE,FALSE,2,,
A-Zilla,Local Supplier Shipment One,CDA,,TRUE,FALSE,FALSE,,,
Blind Visionaries,The Vision,CDA,,TRUE,FALSE,FALSE,2,,
Don Martin,Bushkiller Style Mixtape,CDA,,TRUE,FALSE,FALSE,3,,
Fred Fades + Blameone,Track Charmer,7’’,,TRUE,FALSE,FALSE,,,
Fusion Of Styles,Mixtape Vol. 10,CDA,,TRUE,FALSE,FALSE,,,
Gatas Parlament,Gateplata,CD,,TRUE,FALSE,FALSE,,,
Gatas Parlament,Dette Forandrer Alt,CDA,,TRUE,FALSE,FALSE,,,
Gatas Parlament,Holdning Over Underholdning,CD PROMO,,TRUE,FALSE,FALSE,,,
Gatas Parlament,93 Til Infinity,CDA,,TRUE,FALSE,FALSE,2,,
Gatas Parlament,Live Norwegian Wood,CD LIVE,,TRUE,FALSE,FALSE,,,
Hank & Mari,Triks Og Slagord,CDS,,TRUE,FALSE,FALSE,,,
Herr B.,Vi Entrer,CDS,,TRUE,FALSE,FALSE,,,
Klovner I Kamp,Ørnen Tek Ikkje Unga,CD PROMO,,TRUE,FALSE,TRUE,2,,
Loudmouf Choir,Difficult To Understand,12’’,,TRUE,FALSE,FALSE,,,
Momrakattakk,Unholy Norwegian Hip-hop,12’’,,TRUE,FALSE,FALSE,,,
Nils M/ Skills,The Mixtape Ventings 2,CDA,,TRUE,FALSE,FALSE,,,
Paperboys,One Day,CDS PROMO,,TRUE,FALSE,FALSE,,,
Paperboys,Hey Man,CDS,,TRUE,FALSE,FALSE,,,
Pumba,Pengelens 2,CDA,,TRUE,FALSE,FALSE,,,
SA-G,Izzat The Mixtape,CDA,,TRUE,FALSE,FALSE,,,
Samsaya,Dodge It,CDS PROMO,,FALSE,FALSE,FALSE,,,
Stress.no/Puma,Folkemusikk,CDA,,TRUE,FALSE,FALSE,,,
The Afeeliated,Saving The City Vol. 1,CDA,,TRUE,FALSE,FALSE,,,
The Fifty 50 Bunch,Hajoken Solo,CD,,TRUE,FALSE,FALSE,,,
Tommy Tee,3 THe Hard Way -The EP Movement,CDA,,TRUE,FALSE,FALSE,,,
Tommy Tee,Absolute Music Tee!,CDA,,TRUE,FALSE,FALSE,,,
Tommy Tee,No Pain No Profit,CD EP,,TRUE,FALSE,FALSE,,,
Tommy Tee,No Studio No TIme The Wait,CDA,,TRUE,FALSE,FALSE,,,
Tungtvann,Bodø City,7’’,,TRUE,FALSE,FALSE,,,
Ville V,The Mixtape 01,CDA,,TRUE,FALSE,FALSE,,,
Ville V,The Mixtape 02,CDA,,TRUE,FALSE,FALSE,,,
